user_id,search_willingness,search_competence,rescue_willingness,rescue_competence,remove_willingness,remove_competence
alex,0.6327202065662478,0.09531017980432487,0.14742282062718437,0.33011721963676366,0.7285671362181432,0.4517252806011838
Charlie,0.45670582480568145,0.009084030374332738,0.437651714402974,0.5084872903300943,0.6017515186190506,0.5129522067141062
Ben,0.9824557239436692,-0.11712850681633272,0.9816440450056081,0.9609035050696821,-0.6372739475291492,-0.9689945386283059
