user_id,search_willingness,search_competence,rescue_willingness,rescue_competence,remove_willingness,remove_competence
alex,0.6327202065662478,0.09531017980432487,0.14742282062718437,0.33011721963676366,0.7285671362181432,0.4517252806011838
Charlie,0.45670582480568145,0.009084030374332738,0.437651714402974,0.5084872903300943,0.6017515186190506,0.5129522067141062
Ben,0.7834261405412697,-0.32196939957388854,0.5381015202701229,0.41033004447658294,-0.14878085787237305,-0.8000170740712256
