user_id,search_willingness,search_competence,rescue_willingness,rescue_competence,remove_willingness,remove_competence
Charlie,0.6616793678535072,-0.5940268308155459,0.5798234238862847,0.9848358073331824,0.9134716009319879,0.9352660048975496
Ben,0.9824557239436692,-0.11712850681633272,0.9816440450056081,0.9609035050696821,-0.6372739475291492,-0.9689945386283059
Alice,0.9273783775301319,0.1963386876242193,0.985509010832255,0.9643530050787993,0.9922486458106919,0.9693882122532855
