user_id,search_willingness,search_competence,rescue_willingness,rescue_competence,remove_willingness,remove_competence
Charlie,0.0,0.0,0.0,0.0,0.0,0.0
Ben,0.0,0.0,0.0,0.0,0.0,0.0
Alice,0.9273783775301319,0.1963386876242193,0.985509010832255,0.9643530050787993,0.9922486458106919,0.9693882122532855
